{
  "nm": "Comp 2",
  "ddd": 0,
  "h": 405,
  "w": 540,
  "meta": { "g": "@lottiefiles/toolkit-js 0.33.2" },
  "layers": [
    {
      "ty": 4,
      "nm": "core",
      "sr": 1,
      "st": 0,
      "op": 103.000004195276,
      "ip": 103.000004195276,
      "hd": false,
      "ddd": 0,
      "bm": 0,
      "hasMask": false,
      "ao": 0,
      "ks": {
        "a": { "a": 0, "k": [-30.082, -0.082, 0], "ix": 1 },
        "s": {
          "a": 1,
          "k": [
            {
              "o": { "x": 0.333, "y": 0 },
              "i": { "x": 0.667, "y": 1 },
              "s": [70, 70, 100],
              "t": 0
            },
            {
              "o": { "x": 0.333, "y": 0 },
              "i": { "x": 0.667, "y": 1 },
              "s": [70, 70, 100],
              "t": 20
            },
            {
              "o": { "x": 0.333, "y": 0 },
              "i": { "x": 0.667, "y": 1 },
              "s": [90, 90, 100],
              "t": 30
            },
            { "s": [70, 70, 100], "t": 70.0000028511585 }
          ],
          "ix": 6
        },
        "sk": { "a": 0, "k": 0 },
        "p": { "a": 0, "k": [270, 202.5, 0], "ix": 2 },
        "r": { "a": 0, "k": 0, "ix": 10 },
        "sa": { "a": 0, "k": 0 },
        "o": { "a": 0, "k": 100, "ix": 11 }
      },
      "ef": [],
      "shapes": [
        {
          "ty": "gr",
          "bm": 0,
          "hd": false,
          "mn": "ADBE Vector Group",
          "nm": "Ellipse 1",
          "ix": 1,
          "cix": 2,
          "np": 2,
          "it": [
            {
              "ty": "el",
              "bm": 0,
              "hd": false,
              "mn": "ADBE Vector Shape - Ellipse",
              "nm": "Ellipse Path 1",
              "d": 1,
              "p": { "a": 0, "k": [0, 0], "ix": 3 },
              "s": { "a": 0, "k": [200, 200], "ix": 2 }
            },
            {
              "ty": "fl",
              "bm": 0,
              "hd": false,
              "mn": "ADBE Vector Graphic - Fill",
              "nm": "Fill 1",
              "c": { "a": 0, "k": [0.1529, 0.0275, 0.451], "ix": 4 },
              "r": 1,
              "o": { "a": 0, "k": 100, "ix": 5 }
            },
            {
              "ty": "tr",
              "a": { "a": 0, "k": [0, 0], "ix": 1 },
              "s": { "a": 0, "k": [100, 100], "ix": 3 },
              "sk": { "a": 0, "k": 0, "ix": 4 },
              "p": { "a": 0, "k": [-30.082, -0.082], "ix": 2 },
              "r": { "a": 0, "k": 0, "ix": 6 },
              "sa": { "a": 0, "k": 0, "ix": 5 },
              "o": { "a": 0, "k": 100, "ix": 7 }
            }
          ]
        }
      ],
      "ind": 1
    },
    {
      "ty": 4,
      "nm": "small ripple",
      "sr": 1,
      "st": 0,
      "op": 103.000004195276,
      "ip": 0,
      "hd": false,
      "ddd": 0,
      "bm": 0,
      "hasMask": false,
      "ao": 0,
      "ks": {
        "a": { "a": 0, "k": [-30.082, -0.082, 0], "ix": 1 },
        "s": {
          "a": 1,
          "k": [
            {
              "o": { "x": 0.333, "y": 0 },
              "i": { "x": 0.667, "y": 1 },
              "s": [50, 50, 100],
              "t": 17
            },
            { "s": [120, 120, 100], "t": 60.0000024438501 }
          ],
          "ix": 6
        },
        "sk": { "a": 0, "k": 0 },
        "p": { "a": 0, "k": [270, 202.5, 0], "ix": 2 },
        "r": { "a": 0, "k": 0, "ix": 10 },
        "sa": { "a": 0, "k": 0 },
        "o": {
          "a": 1,
          "k": [
            {
              "o": { "x": 0.333, "y": 0 },
              "i": { "x": 0.833, "y": 1 },
              "s": [0],
              "t": 17
            },
            {
              "o": { "x": 0.333, "y": 0 },
              "i": { "x": 0.667, "y": 1 },
              "s": [100],
              "t": 27
            },
            { "s": [0], "t": 60.0000024438501 }
          ],
          "ix": 11
        }
      },
      "ef": [],
      "shapes": [
        {
          "ty": "gr",
          "bm": 0,
          "hd": false,
          "mn": "ADBE Vector Group",
          "nm": "Ellipse 1",
          "ix": 1,
          "cix": 2,
          "np": 2,
          "it": [
            {
              "ty": "el",
              "bm": 0,
              "hd": false,
              "mn": "ADBE Vector Shape - Ellipse",
              "nm": "Ellipse Path 1",
              "d": 1,
              "p": { "a": 0, "k": [0, 0], "ix": 3 },
              "s": { "a": 0, "k": [300, 300], "ix": 2 }
            },
            {
              "ty": "fl",
              "bm": 0,
              "hd": false,
              "mn": "ADBE Vector Graphic - Fill",
              "nm": "Fill 1",
              "c": { "a": 0, "k": [0.3961, 0.0667, 0.6118], "ix": 4 },
              "r": 1,
              "o": { "a": 0, "k": 50, "ix": 5 }
            },
            {
              "ty": "tr",
              "a": { "a": 0, "k": [0, 0], "ix": 1 },
              "s": { "a": 0, "k": [100, 100], "ix": 3 },
              "sk": { "a": 0, "k": 0, "ix": 4 },
              "p": { "a": 0, "k": [-30.082, -0.082], "ix": 2 },
              "r": { "a": 0, "k": 0, "ix": 6 },
              "sa": { "a": 0, "k": 0, "ix": 5 },
              "o": { "a": 0, "k": 100, "ix": 7 }
            }
          ]
        }
      ],
      "ind": 2
    },
    {
      "ty": 4,
      "nm": "large ripple",
      "sr": 1,
      "st": 0,
      "op": 103.000004195276,
      "ip": 0,
      "hd": false,
      "ddd": 0,
      "bm": 0,
      "hasMask": false,
      "ao": 0,
      "ks": {
        "a": { "a": 0, "k": [-30.082, -0.082, 0], "ix": 1 },
        "s": {
          "a": 1,
          "k": [
            {
              "o": { "x": 0.333, "y": 0 },
              "i": { "x": 0.667, "y": 1 },
              "s": [0, 0, 100],
              "t": 10
            },
            { "s": [130, 130, 100], "t": 40.0000016292334 }
          ],
          "ix": 6
        },
        "sk": { "a": 0, "k": 0 },
        "p": { "a": 0, "k": [270, 202.5, 0], "ix": 2 },
        "r": { "a": 0, "k": 0, "ix": 10 },
        "sa": { "a": 0, "k": 0 },
        "o": {
          "a": 1,
          "k": [
            {
              "o": { "x": 0.167, "y": 0 },
              "i": { "x": 0.833, "y": 1 },
              "s": [0],
              "t": 10
            },
            {
              "o": { "x": 0.333, "y": 0 },
              "i": { "x": 0.667, "y": 1 },
              "s": [100],
              "t": 20
            },
            { "s": [0], "t": 50.0000020365418 }
          ],
          "ix": 11
        }
      },
      "ef": [],
      "shapes": [
        {
          "ty": "gr",
          "bm": 0,
          "hd": false,
          "mn": "ADBE Vector Group",
          "nm": "Ellipse 1",
          "ix": 1,
          "cix": 2,
          "np": 2,
          "it": [
            {
              "ty": "el",
              "bm": 0,
              "hd": false,
              "mn": "ADBE Vector Shape - Ellipse",
              "nm": "Ellipse Path 1",
              "d": 1,
              "p": { "a": 0, "k": [0, 0], "ix": 3 },
              "s": { "a": 0, "k": [300, 300], "ix": 2 }
            },
            {
              "ty": "fl",
              "bm": 0,
              "hd": false,
              "mn": "ADBE Vector Graphic - Fill",
              "nm": "Fill 1",
              "c": { "a": 0, "k": [0.5608, 0.3098, 0.7608], "ix": 4 },
              "r": 1,
              "o": { "a": 0, "k": 50, "ix": 5 }
            },
            {
              "ty": "tr",
              "a": { "a": 0, "k": [0, 0], "ix": 1 },
              "s": { "a": 0, "k": [100, 100], "ix": 3 },
              "sk": { "a": 0, "k": 0, "ix": 4 },
              "p": { "a": 0, "k": [-30.082, -0.082], "ix": 2 },
              "r": { "a": 0, "k": 0, "ix": 6 },
              "sa": { "a": 0, "k": 0, "ix": 5 },
              "o": { "a": 0, "k": 100, "ix": 7 }
            }
          ]
        }
      ],
      "ind": 3
    }
  ],
  "v": "5.4.2",
  "fr": 29.9700012207031,
  "op": 70.0000028511585,
  "ip": 0,
  "assets": []
}
