{
    "v": "5.7.1",
    "fr": 30,
    "ip": 0,
    "op": 60,
    "w": 100,
    "h": 100,
    "assets": [],
    "layers": [
      {
        "ddd": 0,
        "ind": 1,
        "ty": 4,
        "nm": "Circle",
        "sr": 1,
        "ks": {
          "o": { "a": 0, "k": 100 },
          "r": { "a": 0, "k": 0 },
          "p": { "a": 0, "k": [50, 50, 0] },
          "a": { "a": 0, "k": [0, 0, 0] },
          "s": {
            "a": 1,
            "k": [
              { "t": 0, "s": [100, 100, 100], "h": 1 },
              { "t": 30, "s": [120, 120, 100] },
              { "t": 60, "s": [100, 100, 100] }
            ]
          }
        },
        "ao": 0,
        "shapes": [
          {
            "ty": "gr",
            "it": [
              {
                "ty": "el",
                "d": 1,
                "s": { "a": 0, "k": [40, 40] },
                "p": { "a": 0, "k": [0, 0] }
              },
              {
                "ty": "fl",
                "c": { "a": 0, "k": [1, 0.5, 0, 1] },
                "o": { "a": 0, "k": 100 }
              }
            ],
            "np": 3
          }
        ],
        "ip": 0,
        "op": 60,
        "st": 0,
        "bm": 0
      }
    ]
  }