{
    "v": "5.9.0",
    "fr": 60,
    "ip": 0,
    "op": 120,
    "w": 200,
    "h": 200,
    "nm": "QualityAnimation",
    "ddd": 0,
    "assets": [],
    "layers": [
      {
        "ddd": 0,
        "ind": 1,
        "ty": 4,
        "nm": "Star",
        "sr": 1,
        "ks": {
          "o": { "a": 0, "k": 100 },
          "r": { "a": 0, "k": 0 },
          "p": { "a": 0, "k": [100, 100, 0] },
          "s": {
            "a": 1,
            "k": [
              {
                "i": { "x": 0.833, "y": 0.833 },
                "o": { "x": 0.167, "y": 0.167 },
                "t": 0,
                "s": [100, 100, 100],
                "to": [10, 10, 0],
                "ti": [-10, -10, 0]
              },
              {
                "t": 60,
                "s": [120, 120, 100]
              }
            ]
          }
        },
        "ao": 0,
        "shapes": [
          {
            "ty": "st",
            "d": 1,
            "nm": "Star Shape",
            "p": { "a": 0, "k": [0, 0] },
            "v": {
              "a": 0,
              "k": [
                [0, -50],
                [14, -15],
                [50, -10],
                [20, 10],
                [30, 50],
                [0, 25],
                [-30, 50],
                [-20, 10],
                [-50, -10],
                [-14, -15]
              ]
            },
            "i": { "a": 0, "k": [] },
            "o": { "a": 0, "k": [] }
          },
          {
            "ty": "fl",
            "c": { "a": 0, "k": [0.678, 0.094, 1, 1] },
            "o": { "a": 0, "k": 100 }
          }
        ],
        "ip": 0,
        "op": 120,
        "st": 0,
        "bm": 0
      }
    ]
  }